일련번호,구분,시/도,군/구,여름 실내 라돈 농도 (Bq/m3),가을 실내 라돈 농도 (Bq/m3),겨울 실내 라돈 농도 (Bq/m3),봄 실내 라돈 농도 (Bq/m3)
1,관공서,강원도,강릉시,45.2,65.2,66.7,68.2
2,관공서,강원도,강릉시,27.5,40.5,,
3,관공서,강원도,강릉시,24.6,50.4,52.2,32.8
4,관공서,강원도,강릉시,35.7,60,48.5,38.8
5,관공서,강원도,강릉시,43.9,,195.8,101.9
6,관공서,강원도,고성군,22.3,41.3,41.2,43.2
7,관공서,강원도,고성군,17.8,17,26.9,27.7
8,관공서,강원도,동해시,28.9,43.9,42.6,38.7
9,관공서,강원도,동해시,62.8,58.7,85.1,58.3
10,관공서,강원도,삼척시,22.5,37.9,37.6,40
11,관공서,강원도,삼척시,47.3,55.8,67.1,56.6
12,관공서,강원도,삼척시,36.3,,51.6,41.6
13,관공서,강원도,삼척시,37.4,60.2,54.2,40.1
14,관공서,강원도,삼척시,35.7,58.5,53.8,40.2
15,관공서,강원도,속초시,23.8,27.2,32.4,43
16,관공서,강원도,양구군,28.3,71.6,94.8,27
17,관공서,강원도,양구군,19.9,45.9,30,21.2
18,관공서,강원도,양양군,21.2,22.7,47.8,29
19,관공서,강원도,영월군,31.1,58.7,36.7,47.7
20,관공서,강원도,영월군,29,52.1,58.2,36.6
21,관공서,강원도,원주시,57.3,69.8,79.8,76.1
22,관공서,강원도,원주시,38.3,51.9,83.1,39.5
23,관공서,강원도,원주시,48.2,60.7,57.7,55.9
24,관공서,강원도,원주시,76.2,91,79.3,81.2
25,관공서,강원도,인제군,58.4,85,70.1,50.1
26,관공서,강원도,정선군,29.7,32.4,46.8,40.5
27,관공서,강원도,정선군,27.3,33,38.4,30.7
28,관공서,강원도,정선군,33.5,83.1,94.9,65.2
29,관공서,강원도,정선군,45.1,77.8,53.7,56.4
30,관공서,강원도,철원군,0.3,43.8,51.5,42.6
31,관공서,강원도,철원군,38.6,25.4,53.8,38.2
32,관공서,강원도,춘천시,80.5,92.4,86.6,83.7
33,관공서,강원도,춘천시,62,56.1,65.9,70.9
34,관공서,강원도,평창군,30.7,57.5,39.8,48.3
35,관공서,강원도,평창군,49.2,89.3,79.3,65.9
36,관공서,강원도,평창군,70.5,116.1,204.8,143.6
37,관공서,강원도,평창군,32.4,52.9,78.4,45.7
38,관공서,강원도,홍천군,23.6,93.2,96.5,29
39,관공서,강원도,홍천군,29.8,75.5,46.8,55.1
40,관공서,강원도,홍천군,71.4,,110.2,53.2
41,관공서,강원도,홍천군,41,79.4,76.3,71.5
42,관공서,강원도,홍천군,32.2,41.6,33.8,37.5
43,관공서,강원도,화천군,28.3,71.5,101.1,39.8
44,관공서,강원도,화천군,33,68,63.5,50.7
45,관공서,강원도,횡성군,64.4,95.4,111.6,99.7
46,관공서,강원도,횡성군,37.3,87.6,82.3,60.1
47,관공서,강원도,횡성군,55.8,124,145.4,68.9
48,관공서,강원도,횡성군,32.4,49.2,63.1,43.8
49,관공서,강원도,횡성군,35.4,71.4,90.5,43.1
50,관공서,경기도,가평군,12.4,48.9,58.3,38.1
51,관공서,경기도,가평군,38.5,62.2,116.4,42.2
52,관공서,경기도,가평군,24.2,48.6,39.2,40.2
53,관공서,경기도,고양시,19.9,23.7,20.5,11.9
54,관공서,경기도,고양시,38.2,33.2,39,34.3
55,관공서,경기도,고양시,28.7,30.2,25.4,30
56,관공서,경기도,광주시,45.2,,68.6,52.2
57,관공서,경기도,광주시,17.8,,39.9,33.2
58,관공서,경기도,구리시,52.3,63.6,58.8,50.5
59,관공서,경기도,군포시,33.1,47.9,43.4,41
60,관공서,경기도,김포시,75.4,90,77.6,79.2
61,관공서,경기도,김포시,2,31.2,,34.6
62,관공서,경기도,남양주시,24.5,24.5,25.5,32.2
63,관공서,경기도,남양주시,45.3,55.1,52.8,38.5
64,관공서,경기도,남양주시,20.5,34.8,26.2,32.7
65,관공서,경기도,남양주시,32,46,43.1,43.2
66,관공서,경기도,남양주시,44.4,58.6,51.2,49.7
67,관공서,경기도,동두천시,21.4,48.6,37.2,18.7
68,관공서,경기도,부천시,23.2,52.4,19.5,30.2
69,관공서,경기도,부천시,30.1,39,34.8,37.3
70,관공서,경기도,성남시,42.7,27.4,20.9,27
71,관공서,경기도,성남시,27.3,31.2,141.1,16.9
72,관공서,경기도,성남시,13.5,21.1,27.7,21.6
73,관공서,경기도,수원시,59.3,53.8,49.5,35.9
74,관공서,경기도,수원시,50.6,50.2,50.7,44.8
75,관공서,경기도,시흥시,42.1,27.5,18,47.6
76,관공서,경기도,시흥시,23.5,,,
77,관공서,경기도,안산시,12.6,31.7,9.2,26.4
78,관공서,경기도,안성시,31.8,35.5,30.8,28.1
79,관공서,경기도,안성시,40.6,51.3,46.7,42.7
80,관공서,경기도,안성시,23.6,53.6,47.4,40.5
81,관공서,경기도,안성시,63.2,88.1,118.2,68.2
82,관공서,경기도,안성시,63.8,109.8,115.5,
83,관공서,경기도,안양시,77,107.4,63.6,86.7
84,관공서,경기도,안양시,27.2,43.6,69.6,25.9
85,관공서,경기도,안양시,47.9,66.9,25.2,50.8
86,관공서,경기도,양주시,36.1,56,57.9,37.3
87,관공서,경기도,양주시,39.6,,42.9,27.4
88,관공서,경기도,양평군,33.4,49.5,61.2,18.5
89,관공서,경기도,양평군,29.5,42.7,47,37.7
90,관공서,경기도,양평군,57.2,48.8,50.1,74.4
91,관공서,경기도,양평군,32.1,81.2,88.3,
92,관공서,경기도,여주군,32.4,84.4,68.8,52.5
93,관공서,경기도,여주군,41.7,71.2,65.5,42.6
94,관공서,경기도,연천군,34,59.1,,34.7
95,관공서,경기도,용인시,18.7,60.1,30.3,28.4
96,관공서,경기도,용인시,47.5,80.3,62.6,46.3
97,관공서,경기도,용인시,76.3,110,81.1,77.6
98,관공서,경기도,의정부시,40.6,59.3,66.8,47
99,관공서,경기도,이천시,23.6,73.8,122.8,47.7
100,관공서,경기도,이천시,50.3,80.3,59.4,60.2
101,관공서,경기도,이천시,39.3,45.2,62.3,42.9
102,관공서,경기도,파주시,24.8,28.2,30.4,22.9
103,관공서,경기도,평택시,13.1,36.9,32.4,26.2
104,관공서,경기도,평택시,28.2,47.2,44.3,35.2
105,관공서,경기도,평택시,22.2,46.7,30.9,34.1
106,관공서,경기도,평택시,28.7,41.8,35.7,30.5
107,관공서,경기도,포천시,36,65.9,75.8,35.2
108,관공서,경기도,포천시,47.6,82.4,66.4,50
109,관공서,경기도,포천시,110.6,187.4,237.5,141.5
110,관공서,경기도,포천시,38.1,61.1,61.7,29.6
111,관공서,경기도,화성시,49.8,39.3,41.4,35.6
112,관공서,경기도,화성시,12.9,25.9,21,22.9
113,관공서,경기도,화성시,66.8,71.2,78.3,60.5
114,관공서,경상남도,거제시,26.3,63.6,49.8,49.6
115,관공서,경상남도,거제시,16.9,18.8,25.7,30.6
116,관공서,경상남도,거창군,39.9,86.9,39.8,56.3
117,관공서,경상남도,거창군,55.4,90.8,86.4,81.4
118,관공서,경상남도,고성군,20.3,30.4,28.7,35.5
119,관공서,경상남도,고성군,11.5,34.7,40,24.4
120,관공서,경상남도,김해시,30,30.4,42.2,21.4
121,관공서,경상남도,남해군,12.5,42.5,34.7,24.7
122,관공서,경상남도,남해군,29.8,30.3,37.5,33.6
123,관공서,경상남도,마산시,16.5,31,29.2,36.8
124,관공서,경상남도,마산시,19.6,26.4,40.3,42.7
125,관공서,경상남도,밀양시,26.8,35.5,24.8,37.6
126,관공서,경상남도,밀양시,28.1,53.6,19.5,28.7
127,관공서,경상남도,밀양시,28,54.5,23.3,29.2
128,관공서,경상남도,밀양시,27.2,67.4,52.7,22.5
129,관공서,경상남도,사천시,33.3,64.3,112.5,53
130,관공서,경상남도,사천시,10.6,32.4,17.7,15.7
131,관공서,경상남도,사천시,22,45.7,38.4,
132,관공서,경상남도,산청군,14.8,39.9,31.2,40.2
133,관공서,경상남도,양산시,10.9,32.2,25.6,22.6
134,관공서,경상남도,양산시,14.6,27.6,49.4,46.7
135,관공서,경상남도,양산시,25.8,34.4,31.4,46.3
136,관공서,경상남도,진주시,12.4,100.5,68.1,60.1
137,관공서,경상남도,진주시,32.9,128.3,146.6,41.6
138,관공서,경상남도,진주시,33.9,39.4,33.6,30.1
139,관공서,경상남도,진주시,26.2,65,44.5,39.6
140,관공서,경상남도,진해시,30.1,35.9,55.2,37.6
141,관공서,경상남도,진해시,12.2,17.6,28.8,29.7
142,관공서,경상남도,진해시,32.5,31.7,45,33.8
143,관공서,경상남도,진해시,21.8,34.9,41.4,47.5
144,관공서,경상남도,창녕군,15.2,32.6,38.5,15.3
145,관공서,경상남도,창녕군,21.2,37.7,46.6,7.7
146,관공서,경상남도,창원시,23.9,24.7,15.9,32.9
147,관공서,경상남도,창원시,25.6,41.3,,36.1
148,관공서,경상남도,창원시,23.1,35.6,38.6,30.8
149,관공서,경상남도,하동군,36.8,56,59.7,34.3
150,관공서,경상남도,하동군,9.1,40,43.5,30.8
151,관공서,경상남도,함안군,22.4,27.3,33.1,29.8
152,관공서,경상남도,함안군,41.2,60.4,60.1,47.1
153,관공서,경상남도,함양군,15.4,32.4,28.2,26
154,관공서,경상남도,함양군,33.6,45.6,39.5,37.3
155,관공서,경상남도,함양군,18.5,56.8,62.1,50.6
156,관공서,경상남도,합천군,20.6,31.2,41.8,38.4
157,관공서,경상남도,합천군,21.2,33.4,44.4,31.5
158,관공서,경상북도,경산시,16.9,52.8,58,13.4
159,관공서,경상북도,경산시,32.1,35.2,38.8,28.7
160,관공서,경상북도,경주시,42.1,44.4,63.3,39.2
161,관공서,경상북도,경주시,25.1,46.1,35,25.1
162,관공서,경상북도,경주시,21.3,39.5,38.7,37.5
163,관공서,경상북도,경주시,26.2,41.8,26.6,28
164,관공서,경상북도,경주시,40.5,58.7,74.9,42.1
165,관공서,경상북도,경주시,12.8,22.9,18.3,20.2
166,관공서,경상북도,고령군,50.9,49.6,54.6,45.2
167,관공서,경상북도,구미시,19.1,41.4,47.6,25.6
168,관공서,경상북도,구미시,28.5,52,40.8,38.8
169,관공서,경상북도,군위군,14.4,77.7,92.7,31.2
170,관공서,경상북도,군위군,10.4,31,27.2,19.2
171,관공서,경상북도,김천시,40.7,63.8,58.2,
172,관공서,경상북도,김천시,48.2,39.2,48.3,46.8
173,관공서,경상북도,김천시,53.1,49.4,36.4,29.7
174,관공서,경상북도,김천시,32.4,36.4,33,33.8
175,관공서,경상북도,김천시,17,38.6,32,21.9
176,관공서,경상북도,문경시,49.7,74,71,54.9
177,관공서,경상북도,문경시,98.3,252.3,679.6,240.4
178,관공서,경상북도,문경시,30.9,48.7,76.7,25.6
179,관공서,경상북도,봉화군,79.3,194.1,230.4,125.6
180,관공서,경상북도,봉화군,30.9,63.4,85.6,41.5
181,관공서,경상북도,봉화군,24,49.4,55.6,36.2
182,관공서,경상북도,봉화군,21.5,57.5,,19.2
183,관공서,경상북도,봉화군,27.9,46.9,44,29.9
184,관공서,경상북도,봉화군,59.3,142.3,108.3,74.5
185,관공서,경상북도,상주시,37.6,75.3,126.9,74.4
186,관공서,경상북도,상주시,22.1,44.7,45.8,24.9
187,관공서,경상북도,상주시,36.5,94.4,100.8,52.6
188,관공서,경상북도,상주시,,51.4,46.2,30.2
189,관공서,경상북도,상주시,30.3,39.5,53.2,35.1
190,관공서,경상북도,상주시,43.2,55.9,50.9,59.6
191,관공서,경상북도,성주군,40.5,60.9,81.5,53.2
192,관공서,경상북도,성주군,39.2,63.2,59.4,35
193,관공서,경상북도,안동시,73.5,133.6,114.6,84
194,관공서,경상북도,안동시,31.2,30.3,31.7,32
195,관공서,경상북도,안동시,30.9,34.1,46.5,39.7
196,관공서,경상북도,안동시,70.4,113.1,117.8,65.2
197,관공서,경상북도,안동시,45.7,112.3,116,53.5
198,관공서,경상북도,안동시,15.5,40.5,37.6,22.2
199,관공서,경상북도,영덕군,23.3,32.4,38.8,45.6
200,관공서,경상북도,영덕군,26.3,50.8,52.5,44.6
201,관공서,경상북도,영덕군,21.8,60.4,35.5,20.4
202,관공서,경상북도,영양군,31.5,47.4,40.5,28.4
203,관공서,경상북도,영주시,33.3,50.9,54.7,56.5
204,관공서,경상북도,영주시,56,161.8,,60.2
205,관공서,경상북도,영천시,28.3,85.9,,28.2
206,관공서,경상북도,영천시,24.3,48.4,54.2,16.5
207,관공서,경상북도,영천시,32.8,98,131.5,49.1
208,관공서,경상북도,예천군,34.5,33.5,132.3,24.6
209,관공서,경상북도,예천군,36.9,41,34.8,16.9
210,관공서,경상북도,예천군,23.2,26.7,22.9,21.1
211,관공서,경상북도,울릉군,36,78.5,65.2,57.7
212,관공서,경상북도,울릉군,55,64.1,73.5,42.3
213,관공서,경상북도,울진군,23.6,104.9,96.4,
214,관공서,경상북도,울진군,45.3,85,76.1,53.6
215,관공서,경상북도,울진군,38.3,37.2,70.6,46.9
216,관공서,경상북도,울진군,49.7,51.8,60.7,53.5
217,관공서,경상북도,의성군,43.3,47.3,58.7,43.3
218,관공서,경상북도,청도군,37.1,47.6,30,33.3
219,관공서,경상북도,청도군,75.7,122,183.1,96.8
220,관공서,경상북도,청도군,31.3,136.3,44.5,34.4
221,관공서,경상북도,청송군,22.5,33,28,21.9
222,관공서,경상북도,칠곡군,22.1,33.5,35.9,21.2
223,관공서,경상북도,포항시,20.8,49.2,35.4,19.4
224,관공서,경상북도,포항시,45.8,51.8,45,25.7
225,관공서,경상북도,포항시,27.7,98.7,47.6,36.3
226,관공서,경상북도,포항시,31.5,45.1,38.1,34.6
227,관공서,경상북도,포항시,39.4,36,35,38.1
228,관공서,경상북도,포항시,36,58.2,71,29.4
229,관공서,경상북도,포항시,48.3,84.9,79.9,42.1
230,관공서,광주광역시,광산구,12,27.5,13.9,9.9
231,관공서,광주광역시,남구,59.6,137.9,145.9,95.3
232,관공서,광주광역시,남구,11.6,17.1,22.3,35.3
233,관공서,광주광역시,동구,43.9,45.9,29.3,35.5
234,관공서,광주광역시,북구,17.6,21.5,,20.9
235,관공서,광주광역시,서구,36,65.2,47.5,48.4
236,관공서,대구광역시,달서구,45.8,66,27.3,44.6
237,관공서,대구광역시,달성군,43.6,46.2,35.2,53.2
238,관공서,대구광역시,동구,19,39.2,41.8,25.9
239,관공서,대구광역시,북구,40.8,71.2,62.3,53.2
240,관공서,대전광역시,대덕구,34.6,39.3,41.5,32.8
241,관공서,대전광역시,서구,37.5,35.3,35,71.5
242,관공서,대전광역시,서구,19.9,30.9,31.7,23.9
243,관공서,대전광역시,유성구,19.6,32.6,38.3,27.9
244,관공서,대전광역시,중구,40.4,35.6,40.5,
245,관공서,부산광역시,금정구,11,28.8,16.4,34.2
246,관공서,부산광역시,금정구,13,20.7,25.5,16.8
247,관공서,부산광역시,기장군,20.4,32.2,56.4,41.2
248,관공서,부산광역시,남구,23.7,29.2,,42.5
249,관공서,부산광역시,사하구,44.7,34.3,55,29.1
250,관공서,부산광역시,중구,6.3,8.5,,14.2
251,관공서,부산광역시,해운대구,24.9,37,40.6,43.9
252,관공서,서울특별시,강동구,11.4,22.9,,40.8
253,관공서,서울특별시,강서구,23.2,,29.8,26.6
254,관공서,서울특별시,강서구,19.3,24,20.8,27.3
255,관공서,서울특별시,광진구,25.3,53.6,59.2,44.1
256,관공서,서울특별시,광진구,31.9,41.5,38.8,22.4
257,관공서,서울특별시,구로구,,,,
258,관공서,서울특별시,동작구,28.4,41.9,34.1,29.1
259,관공서,서울특별시,서대문구,19,32.5,19.4,20.3
260,관공서,서울특별시,서초구,46.8,27.6,35.4,27.8
261,관공서,서울특별시,용산구,27.9,23,25.1,21.1
262,관공서,서울특별시,은평구,24.5,40.2,33.6,36.2
263,관공서,서울특별시,종로구,26.9,29,37.3,26.2
264,관공서,서울특별시,종로구,22.1,41.7,2.3,51.6
265,관공서,서울특별시,중랑구,44,56,43.8,45.9
266,관공서,울산광역시,남구,19.3,29.1,39.6,33.9
267,관공서,울산광역시,동구,37.5,108.9,81.5,75.3
268,관공서,울산광역시,북구,,26,,32.6
269,관공서,울산광역시,울주군,8.2,17.1,10.6,39.3
270,관공서,울산광역시,울주군,12.2,39.9,33.2,13.8
271,관공서,울산광역시,울주군,25.1,33.5,28.3,28.5
272,관공서,울산광역시,울주군,26.8,29.6,27.6,29.8
273,관공서,인천광역시,강화군,20,38.2,31.3,26.6
274,관공서,인천광역시,강화군,22.5,46.6,45.7,43.4
275,관공서,인천광역시,남동구,55.1,46.7,58,72.4
276,관공서,인천광역시,남동구,99.8,31.6,25.8,80.2
277,관공서,인천광역시,부평구,35.8,60.3,74.4,52.2
278,관공서,인천광역시,연수구,,84.2,67,27.7
279,관공서,인천광역시,옹진군,16.4,32.5,31.9,23
280,관공서,인천광역시,중구,36.5,27.6,27.1,26.7
281,관공서,전라남도,강진군,35.1,65.2,56.1,44
282,관공서,전라남도,강진군,27.5,47.6,53.2,39.1
283,관공서,전라남도,강진군,48.5,52.9,39.7,44.1
284,관공서,전라남도,고흥군,32.6,38.2,47,57
285,관공서,전라남도,고흥군,13.5,32.6,23.6,33.4
286,관공서,전라남도,고흥군,23.3,36.6,31.5,39.3
287,관공서,전라남도,고흥군,21.8,22.9,36.8,123.4
288,관공서,전라남도,곡성군,42.6,69.6,73.8,51.3
289,관공서,전라남도,곡성군,35.7,35.1,,23
290,관공서,전라남도,곡성군,66.3,50.4,59.6,47.8
291,관공서,전라남도,광양시,29.6,46.6,36.8,33.9
292,관공서,전라남도,광양시,44.2,58.1,36.6,32.2
293,관공서,전라남도,광양시,39.8,50.3,62.4,34.6
294,관공서,전라남도,구례군,22.2,33.2,29.8,26.1
295,관공서,전라남도,구례군,15.2,48.2,197.3,21.7
296,관공서,전라남도,나주시,107.4,201.2,140.5,36.1
297,관공서,전라남도,나주시,30.5,63.4,72.9,45.9
298,관공서,전라남도,나주시,50.9,58.9,44,
299,관공서,전라남도,담양군,19.5,46,33,40.3
300,관공서,전라남도,목포시,41.4,126.2,122.7,96.6
301,관공서,전라남도,무안군,29.1,32.5,25.6,28.7
302,관공서,전라남도,무안군,29,56.5,108,39.7
303,관공서,전라남도,보성군,201.7,186.3,173.6,152.4
304,관공서,전라남도,보성군,,36.5,67.8,52.6
305,관공서,전라남도,보성군,34.3,64.6,60.9,39.8
306,관공서,전라남도,보성군,32,60.5,38.9,55.5
307,관공서,전라남도,순천시,47.6,60.9,52.6,61.6
308,관공서,전라남도,순천시,21.1,91.5,84.9,69.8
309,관공서,전라남도,신안군,22.1,39.9,29.2,53.5
310,관공서,전라남도,신안군,14.5,26.7,21.8,40.1
311,관공서,전라남도,신안군,16.1,29.1,39,31.2
312,관공서,전라남도,여수시,45.1,81.1,,45
313,관공서,전라남도,여수시,29.6,28.7,15.5,26.3
314,관공서,전라남도,영광군,20.4,20.7,21.8,23.5
315,관공서,전라남도,영광군,49,56.6,72.6,57.9
316,관공서,전라남도,영암군,26.5,59.1,71.4,35.3
317,관공서,전라남도,영암군,21.5,80.2,75.1,49.7
318,관공서,전라남도,장흥군,62.3,157.3,,
319,관공서,전라남도,장흥군,48.7,246.2,388.9,94.4
320,관공서,전라남도,진도군,40.1,45.3,55,32.7
321,관공서,전라남도,함평군,19,26.4,32.7,21.6
322,관공서,전라남도,함평군,34.3,73.3,78.7,53
323,관공서,전라남도,함평군,42,93.7,,58.1
324,관공서,전라남도,해남군,9.3,27.2,39.3,30.8
325,관공서,전라남도,해남군,76.4,151.8,183.7,108.7
326,관공서,전라남도,해남군,24.1,,43.8,26.6
327,관공서,전라남도,화순군,68.2,151.9,136.4,85.3
328,관공서,전라남도,화순군,42.2,77.7,62.7,65.3
329,관공서,전라남도,화순군,54.7,172.5,202.1,49.7
330,관공서,전라남도,화순군,22.5,47.5,40.8,28.8
331,관공서,전라북도,고창군,47.2,115,173,80.3
332,관공서,전라북도,고창군,24.1,41.7,53,36.7
333,관공서,전라북도,군산시,17.2,33.6,46.2,32.9
334,관공서,전라북도,군산시,36.6,51,53.9,54.9
335,관공서,전라북도,군산시,28.7,34.7,35.2,39.1
336,관공서,전라북도,김제시,13.9,33.3,82.2,138.4
337,관공서,전라북도,남원시,19.2,83.6,23.6,
338,관공서,전라북도,남원시,38.3,63.3,75.9,70
339,관공서,전라북도,남원시,42.6,84.1,130.2,84.7
340,관공서,전라북도,부안군,27.1,31.3,41.6,24.9
341,관공서,전라북도,부안군,38.7,56.1,47.8,57.8
342,관공서,전라북도,순창군,18,43.8,47.3,41.1
343,관공서,전라북도,순창군,40.9,48.4,78,39.3
344,관공서,전라북도,완주군,22.6,42.6,44.3,33.7
345,관공서,전라북도,완주군,47.2,144.6,110.3,57.6
346,관공서,전라북도,완주군,44.8,19.8,,39
347,관공서,전라북도,익산시,18.2,32.2,26.1,24.1
348,관공서,전라북도,익산시,27.6,74.2,76.3,48.7
349,관공서,전라북도,익산시,54.7,53.3,50.5,50.8
350,관공서,전라북도,임실군,27.5,62.5,,36.4
351,관공서,전라북도,임실군,59.1,115.2,144.5,95.5
352,관공서,전라북도,임실군,35.3,74.1,81.6,45.7
353,관공서,전라북도,임실군,28.5,87.5,108.7,60.5
354,관공서,전라북도,정읍시,81.3,90.4,67.1,52.9
355,관공서,전라북도,정읍시,60.4,62.7,52.2,37.5
356,관공서,전라북도,진안군,33.7,58.3,82.7,35.4
357,관공서,전라북도,진안군,20.4,47,33.2,30.3
358,관공서,전라북도,진안군,36.1,62.2,65.4,58.1
359,관공서,전라북도,진안군,34.9,44.9,49.5,52.6
360,관공서,제주도,남제주군,17.3,24.8,32,26.6
361,관공서,제주도,남제주군,10.6,15.4,17.9,16.9
362,관공서,제주도,북제주군,28.6,28.6,30.3,30.6
363,관공서,제주도,북제주군,28.1,23,30.9,20.8
364,관공서,제주도,서귀포시,15.2,16,12,22.7
365,관공서,제주도,서귀포시,26.4,26.9,34.3,25.8
366,관공서,제주도,제주시,18.3,34.9,27.3,21.7
367,관공서,제주도,제주시,52.9,53.9,53.6,53.6
368,관공서,제주도,제주시,12.3,37.9,50,37.5
369,관공서,제주도,제주시,14.2,20.8,,29.9
370,관공서,충청남도,공주시,43.2,67.4,109.1,48.4
371,관공서,충청남도,공주시,28.9,28,48.2,
372,관공서,충청남도,공주시,29.3,44.9,78.2,43
373,관공서,충청남도,공주시,48.8,98,136.9,86.5
374,관공서,충청남도,금산군,33.6,79.3,111.4,75.8
375,관공서,충청남도,금산군,25.6,42.7,8.1,53.2
376,관공서,충청남도,논산시,25.4,41.2,44.4,28.5
377,관공서,충청남도,논산시,41.6,79.9,70.4,40
378,관공서,충청남도,당진군,37.1,56.3,72.1,
379,관공서,충청남도,당진군,4.3,129.1,123.2,84
380,관공서,충청남도,보령시,43.1,154.8,259.2,84.3
381,관공서,충청남도,부여군,66.5,257,367.8,118.7
382,관공서,충청남도,부여군,27.9,70.7,86.4,35.8
383,관공서,충청남도,부여군,36.9,38.2,62.8,40.6
384,관공서,충청남도,부여군,44.5,51.7,46.9,42.7
385,관공서,충청남도,서산시,25.2,46.9,49.4,16.4
386,관공서,충청남도,서산시,18.2,55.5,51.8,35.8
387,관공서,충청남도,서산시,18.8,49.3,71.2,49.7
388,관공서,충청남도,서산시,50.7,94.9,157.5,79.4
389,관공서,충청남도,서천군,14.4,36,76.1,31.9
390,관공서,충청남도,서천군,39.4,84,89.2,65.9
391,관공서,충청남도,서천군,33.9,38.6,52.6,36
392,관공서,충청남도,아산시,51,69.5,69.1,52.7
393,관공서,충청남도,아산시,24.7,33.2,33.8,33.5
394,관공서,충청남도,아산시,44,52.4,58.2,44.9
395,관공서,충청남도,연기군,42.7,56.7,59,42.5
396,관공서,충청남도,예산군,32.1,35.3,46.2,34.8
397,관공서,충청남도,예산군,38.2,37.1,60.8,36.8
398,관공서,충청남도,천안시,19.3,30.4,19.7,28.3
399,관공서,충청남도,천안시,27.6,40.5,57.9,48.6
400,관공서,충청남도,천안시,36.3,65.5,,38.6
401,관공서,충청남도,천안시,25.8,34.6,32.4,37.8
402,관공서,충청남도,청양군,30.9,42.4,41.5,41.9
403,관공서,충청남도,청양군,33.4,45,50.3,29
404,관공서,충청남도,태안군,30,103.2,51.3,40.5
405,관공서,충청남도,태안군,39.4,49.7,99.3,60
406,관공서,충청남도,태안군,35.7,50.5,49.9,45.6
407,관공서,충청남도,태안군,35.4,29.4,34.1,36.7
408,관공서,충청남도,홍성군,31.7,66.7,109,65.1
409,관공서,충청남도,홍성군,20,42.6,46.7,40.7
410,관공서,충청북도,괴산군,22.5,39.8,32.4,31.6
411,관공서,충청북도,괴산군,38.5,58.7,70.5,19.7
412,관공서,충청북도,괴산군,32.9,46.5,68.3,42.4
413,관공서,충청북도,괴산군,33,57,47.2,26.6
414,관공서,충청북도,괴산군,30.1,37.5,55.3,38.4
415,관공서,충청북도,괴산군,72.7,360.4,354.9,157.9
416,관공서,충청북도,단양군,32.5,44.6,55.6,34.2
417,관공서,충청북도,단양군,57.1,133.1,156.2,68.2
418,관공서,충청북도,보은군,49.2,80.3,72.2,57.1
419,관공서,충청북도,보은군,46.5,136.7,166,90.4
420,관공서,충청북도,영동군,31.6,52.3,41.5,38.3
421,관공서,충청북도,영동군,38.7,53.7,53.7,34.6
422,관공서,충청북도,옥천군,64.3,80.4,86.6,74.1
423,관공서,충청북도,옥천군,58,,68.7,70.6
424,관공서,충청북도,음성군,19.9,45.9,39.6,27
425,관공서,충청북도,음성군,25.5,51.7,40.9,26.4
426,관공서,충청북도,음성군,,40.7,65.4,28.4
427,관공서,충청북도,음성군,46,76.6,78.5,63.1
428,관공서,충청북도,제천시,51.9,155.4,162.9,77.6
429,관공서,충청북도,제천시,42.2,68.4,76.9,33.8
430,관공서,충청북도,제천시,33.7,,81.8,59.3
431,관공서,충청북도,제천시,35.4,350.8,410.3,131.8
432,관공서,충청북도,청원군,23.8,52.3,55.6,37.6
433,관공서,충청북도,청원군,57,84.7,67.9,57.5
434,관공서,충청북도,청원군,38.9,58.6,66.4,41.2
435,관공서,충청북도,청원군,17.8,42.1,60.3,38
436,관공서,충청북도,청주시,27,34.9,45.8,29.1
437,관공서,충청북도,충주시,48.6,103.4,175.2,86.6
438,관공서,충청북도,충주시,17.6,54.9,61.5,34.4
439,관공서,충청북도,충주시,32.7,49.7,63.4,48.9
440,초등학교,강원도,강릉시,77.8,67.4,106.3,28.3
441,초등학교,강원도,강릉시,52.9,,75.1,50.5
442,초등학교,강원도,강릉시,95.5,170.4,220.9,137.7
443,초등학교,강원도,강릉시,185.6,301.5,,180.6
444,초등학교,강원도,강릉시,112.4,176.6,160.7,109.9
445,초등학교,강원도,강릉시,81.2,190.9,211.6,136.2
446,초등학교,강원도,고성군,133.3,189.1,324.6,214.2
447,초등학교,강원도,고성군,90.2,84.6,104.5,59.9
448,초등학교,강원도,고성군,69.8,125.6,96.9,112.1
449,초등학교,강원도,고성군,51.3,42.3,60.8,54
450,초등학교,강원도,고성군,66.5,51.1,70.6,66.9
451,초등학교,강원도,동해시,82.3,178.8,194,226.4
452,초등학교,강원도,동해시,58.1,105.4,209.2,124.2
453,초등학교,강원도,삼척시,33.3,65.8,53.1,51.8
454,초등학교,강원도,삼척시,91.7,188.7,214.1,224
455,초등학교,강원도,삼척시,227,451.6,471.6,210.4
456,초등학교,강원도,삼척시,22.4,46.3,51.9,40.2
457,초등학교,강원도,삼척시,174.3,367.8,422.6,229.5
458,초등학교,강원도,속초시,49.4,52.6,71.8,19.3
459,초등학교,강원도,속초시,75.4,162.7,231.3,109.6
460,초등학교,강원도,양구군,100.1,211.1,354.7,187.2
461,초등학교,강원도,양구군,39.8,44.4,58.3,42.4
462,초등학교,강원도,양양군,87.2,197,277.4,113.3
463,초등학교,강원도,양양군,52.7,71.9,52.3,78
464,초등학교,강원도,양양군,73.2,,1023,290.8
465,초등학교,강원도,양양군,36.7,75.7,91.8,76.1
466,초등학교,강원도,양양군,33.2,40.8,42.7,44.2
467,초등학교,강원도,영월군,138.7,204.7,267.2,156.4
468,초등학교,강원도,영월군,52.6,54.9,81.3,64.4
469,초등학교,강원도,영월군,79.4,140.6,126.7,91.4
470,초등학교,강원도,원주시,24.3,59.2,30.3,33.2
471,초등학교,강원도,원주시,36.3,66.3,59.1,
472,초등학교,강원도,원주시,66,78.4,80.1,56.6
473,초등학교,강원도,원주시,71.9,163.8,194.7,113.3
474,초등학교,강원도,원주시,75.2,103.7,94.2,53
475,초등학교,강원도,원주시,61.7,190.7,210.9,90
476,초등학교,강원도,인제군,70.7,107.4,98.9,87.3
477,초등학교,강원도,인제군,67,62.6,83.3,67.1
478,초등학교,강원도,인제군,111.5,260.1,344.6,207.6
479,초등학교,강원도,인제군,63.4,58.7,61.3,65.9
480,초등학교,강원도,인제군,,76.4,94,68.9
481,초등학교,강원도,인제군,48.8,67.7,57.2,26.4
482,초등학교,강원도,인제군,62.6,95.5,80.1,61.7
483,초등학교,강원도,정선군,225.5,540.3,662.9,419.6
484,초등학교,강원도,정선군,130.7,149.8,213.5,151.3
485,초등학교,강원도,정선군,185.1,,,104.5
486,초등학교,강원도,정선군,55.4,76,70.7,67.4
487,초등학교,강원도,정선군,48.8,94.6,113.1,82.7
488,초등학교,강원도,정선군,63.8,140,146.1,87.9
489,초등학교,강원도,정선군,56.8,73.6,53.1,75.8
490,초등학교,강원도,철원군,59.6,76.3,78.9,65.7
491,초등학교,강원도,철원군,73.3,94.3,90.1,69.3
492,초등학교,강원도,춘천시,64.8,168.3,148.6,83.5
493,초등학교,강원도,춘천시,52,131.1,128.2,130.5
494,초등학교,강원도,춘천시,79.3,78,138.3,64
495,초등학교,강원도,춘천시,33.4,104.6,103.9,59
496,초등학교,강원도,춘천시,41.1,189.7,185.7,95.7
497,초등학교,강원도,춘천시,34,53.8,47.4,44.8
498,초등학교,강원도,춘천시,67.8,219.1,315.2,206.3
499,초등학교,강원도,춘천시,120.3,497.4,,
500,초등학교,강원도,춘천시,132.4,171.2,142.1,111.4
501,초등학교,강원도,춘천시,109.7,286.1,346.6,218.9
502,초등학교,강원도,태백시,23.2,32.4,40.2,37.5
503,초등학교,강원도,태백시,16.9,57.9,57.2,33
504,초등학교,강원도,평창군,169.2,687.5,788.2,423.8
505,초등학교,강원도,평창군,216.8,391,344.9,196.2
506,초등학교,강원도,평창군,52.7,181,184.4,137.8
507,초등학교,강원도,평창군,198.7,474.7,562.4,290.3
508,초등학교,강원도,평창군,63.7,135.5,182.9,100.6
509,초등학교,강원도,평창군,72.6,142.5,178.4,198.8
510,초등학교,강원도,평창군,244,412.8,426.7,342.5
511,초등학교,강원도,평창군,344.6,973.6,1788.4,910.2
512,초등학교,강원도,홍천군,46,167.4,330.7,304.8
513,초등학교,강원도,홍천군,125.5,412.2,605.5,271.9
514,초등학교,강원도,홍천군,76.2,667.4,1022.3,411.5
515,초등학교,강원도,홍천군,62.7,297.2,354.2,316.3
516,초등학교,강원도,홍천군,61.9,95.1,92,79
517,초등학교,강원도,홍천군,46.8,122.1,179.2,60.9
518,초등학교,강원도,홍천군,55.2,239.5,246.6,178.3
519,초등학교,강원도,홍천군,181,578.3,633.1,
520,초등학교,강원도,화천군,65.9,146.4,166.1,81.1
521,초등학교,강원도,화천군,115.8,139.8,153.2,129.5
522,초등학교,강원도,화천군,61.3,190.5,207.1,171.5
523,초등학교,강원도,횡성군,37.5,108.1,104.3,80.8
524,초등학교,강원도,횡성군,142.3,132.8,147,111.5
525,초등학교,강원도,횡성군,58.9,94.6,,92.6
526,초등학교,경기도,가평군,67.4,201.8,266.7,82
527,초등학교,경기도,가평군,22.2,51.5,66.3,33.9
528,초등학교,경기도,가평군,15.6,26.4,26.1,17.5
529,초등학교,경기도,가평군,117.3,202.7,239.7,103.4
530,초등학교,경기도,고양시,60.4,62.8,51.8,53.1
531,초등학교,경기도,고양시,106.9,142.7,201.5,137.8
532,초등학교,경기도,고양시,58.9,59.8,119.7,72.7
533,초등학교,경기도,과천시,28,34.7,25.5,14
534,초등학교,경기도,광주시,15.7,43.4,54.1,33.9
535,초등학교,경기도,광주시,102.7,144.9,225.2,134.7
536,초등학교,경기도,광주시,19.4,35.7,,40.4
537,초등학교,경기도,김포시,16.6,26.4,27.8,20.4
538,초등학교,경기도,김포시,11.6,43.8,47.5,26
539,초등학교,경기도,남양주시,68.6,,46.9,65.9
540,초등학교,경기도,남양주시,22.7,38.5,27.3,36.2
541,초등학교,경기도,동두천시,,119.8,123.1,81.2
542,초등학교,경기도,부천시,18.2,45.7,44,27.5
543,초등학교,경기도,수원시,32.2,,49.6,40.3
544,초등학교,경기도,수원시,40.3,66.7,59.7,63.9
545,초등학교,경기도,수원시,35.9,56.1,,53.7
546,초등학교,경기도,시흥시,26.9,25.8,44.7,24.6
547,초등학교,경기도,안산시,19.7,4.3,29,30.8
548,초등학교,경기도,안산시,,25.4,23.7,34.6
549,초등학교,경기도,안성시,278.1,498.4,407.7,277.2
550,초등학교,경기도,안성시,66.3,61.9,62.1,
551,초등학교,경기도,안성시,64.3,98.9,141.1,79.7
552,초등학교,경기도,양주시,34.2,65.5,74.8,52.1
553,초등학교,경기도,양주시,11.4,47.7,66.3,33.4
554,초등학교,경기도,양주시,33.2,80.1,87.9,25.2
555,초등학교,경기도,양평군,29,75.8,112.8,51.5
556,초등학교,경기도,양평군,58.5,83.8,,99.1
557,초등학교,경기도,양평군,33.1,75.8,50,52.7
558,초등학교,경기도,양평군,47,74.7,51.3,46.6
559,초등학교,경기도,양평군,32.4,25.8,38.9,34.6
560,초등학교,경기도,양평군,56.9,98.5,121.2,109.4
561,초등학교,경기도,양평군,239.7,667.7,863,435.7
562,초등학교,경기도,여주군,28.8,48.4,,55.3
563,초등학교,경기도,여주군,28.2,59.7,66.5,43.7
564,초등학교,경기도,여주군,38.5,49.9,66.6,35.9
565,초등학교,경기도,여주군,33.5,50.6,54.4,44
566,초등학교,경기도,여주군,33.5,48,72.5,35.4
567,초등학교,경기도,연천군,32.1,75.6,93.8,33.1
568,초등학교,경기도,연천군,16.7,43.1,39.1,20
569,초등학교,경기도,연천군,21.8,75.9,75.4,67.2
570,초등학교,경기도,오산시,25.1,43.2,59.2,33.3
571,초등학교,경기도,용인시,53.1,71.7,81.5,46.7
572,초등학교,경기도,용인시,29.2,36.3,29.6,37.1
573,초등학교,경기도,용인시,27.8,40.4,41.3,55.4
574,초등학교,경기도,용인시,25.7,,32.1,32.3
575,초등학교,경기도,용인시,53.8,76.8,70.4,71.2
576,초등학교,경기도,용인시,42.4,42.2,83.9,42.2
577,초등학교,경기도,의정부시,29,69.9,76.2,47.1
578,초등학교,경기도,의정부시,13.7,22.6,28.2,23.1
579,초등학교,경기도,이천시,28.8,40.9,30.3,34.1
580,초등학교,경기도,이천시,164.7,317.2,306.1,263.7
581,초등학교,경기도,이천시,10.4,47.9,26.2,33.1
582,초등학교,경기도,파주시,50.8,83.6,84.7,78.6
583,초등학교,경기도,파주시,20,29.5,30.4,25
584,초등학교,경기도,파주시,43.2,43.3,47.3,50.7
585,초등학교,경기도,평택시,22.7,54.8,73.8,50.8
586,초등학교,경기도,평택시,33,40.4,,44.7
587,초등학교,경기도,포천시,26.2,44.2,35,31.7
588,초등학교,경기도,포천시,118.8,,236,144.9
589,초등학교,경기도,포천시,299.2,450.6,651.7,383.8
590,초등학교,경기도,포천시,,145.2,183.5,104.1
591,초등학교,경기도,포천시,138.6,389.5,402.3,208.5
592,초등학교,경기도,포천시,88.3,82.1,64.5,42.5
593,초등학교,경기도,하남시,16.1,27,49.1,49.2
594,초등학교,경기도,화성시,75.2,118.4,59,60.8
595,초등학교,경기도,화성시,46.6,50.3,55,41.8
596,초등학교,경기도,화성시,80.7,106.3,123.4,107
597,초등학교,경기도,화성시,20.5,17.7,81.4,38.8
598,초등학교,경기도,화성시,,63.7,52.5,54.1
599,초등학교,경기도,화성시,44,185.5,188.6,217.3
600,초등학교,경기도,화성시,30,100.1,84.5,78
601,초등학교,경상남도,거제시,11.5,21.5,37.8,33.8
602,초등학교,경상남도,거제시,14.7,19.6,43,21.8
603,초등학교,경상남도,거제시,28.5,29.1,34.6,22.3
604,초등학교,경상남도,거제시,23.5,26,28.3,23.4
605,초등학교,경상남도,거창군,23,56.1,95.1,55
606,초등학교,경상남도,거창군,14.5,26.1,6.4,280.9
607,초등학교,경상남도,거창군,28.2,,120.2,66.7
608,초등학교,경상남도,거창군,44.5,32.3,26.3,34.8
609,초등학교,경상남도,고성군,15.1,48.2,59.9,16.8
610,초등학교,경상남도,고성군,47.5,224.6,109.8,126
611,초등학교,경상남도,김해시,76.1,195,41,29.4
612,초등학교,경상남도,김해시,6.7,81.4,97.1,62.6
613,초등학교,경상남도,김해시,,181.2,,
614,초등학교,경상남도,김해시,25.3,39.1,222.2,109.4
615,초등학교,경상남도,김해시,19,32.1,38.8,27.4
616,초등학교,경상남도,김해시,55.9,127.4,102.6,92.2
617,초등학교,경상남도,김해시,38.4,42.9,33.6,37.4
618,초등학교,경상남도,남해군,34.2,57.5,55.8,49.7
619,초등학교,경상남도,남해군,58.6,62.3,56.1,81
620,초등학교,경상남도,남해군,17,53,39.9,61.3
621,초등학교,경상남도,남해군,25.5,56.4,64.8,37.5
622,초등학교,경상남도,마산시,42.3,82.6,71.8,47.8
623,초등학교,경상남도,마산시,55.2,84.3,66,51.7
624,초등학교,경상남도,마산시,56.8,248.3,204.2,146.9
625,초등학교,경상남도,마산시,33.5,88.9,97.6,53.2
626,초등학교,경상남도,밀양시,,64.9,48.1,31.9
627,초등학교,경상남도,밀양시,66.1,46.8,88.6,
628,초등학교,경상남도,밀양시,58.9,77.2,95.5,41.4
629,초등학교,경상남도,밀양시,,43.5,,19.9
630,초등학교,경상남도,사천시,40.5,112.6,120.5,105.8
631,초등학교,경상남도,사천시,22.6,58.7,80.6,65.1
632,초등학교,경상남도,산청군,24.7,54.7,67.8,35.3
633,초등학교,경상남도,산청군,26.8,38.6,35.5,34.3
634,초등학교,경상남도,양산시,18,34.8,44.6,45.4
635,초등학교,경상남도,양산시,,66.4,94.2,42.2
636,초등학교,경상남도,양산시,28.3,50.2,56.4,34.7
637,초등학교,경상남도,양산시,14.1,27.7,43.6,46
638,초등학교,경상남도,양산시,29.6,70.6,24.9,25.9
639,초등학교,경상남도,의령군,31.2,67.8,81.2,21.4
640,초등학교,경상남도,의령군,28.7,51,94.9,46
641,초등학교,경상남도,의령군,12.4,88.2,67.2,46.1
642,초등학교,경상남도,진주시,37.8,56.7,59.3,41
643,초등학교,경상남도,진주시,22,35,45.4,28.8
644,초등학교,경상남도,진주시,23.4,40,50,31.7
645,초등학교,경상남도,진주시,36.3,41,80.1,33.9
646,초등학교,경상남도,진주시,84.8,129.5,92.5,81.9
647,초등학교,경상남도,창녕군,48.6,192,149.5,101.2
648,초등학교,경상남도,창녕군,16,42.8,42,59.2
649,초등학교,경상남도,창원시,12.8,16.6,29.2,22.9
650,초등학교,경상남도,창원시,11.9,32.5,23.5,25.3
651,초등학교,경상남도,창원시,12.9,14.8,32.1,22
652,초등학교,경상남도,통영시,24.2,95.9,177.8,35.3
653,초등학교,경상남도,통영시,84.1,118.2,200.8,140.7
654,초등학교,경상남도,통영시,30.5,201.5,386.6,84.2
655,초등학교,경상남도,하동군,165.4,129.3,82.8,156.6
656,초등학교,경상남도,하동군,78,216.7,58,140.9
657,초등학교,경상남도,하동군,42.1,100.2,150.7,66.5
658,초등학교,경상남도,하동군,26.9,53.5,68.4,
659,초등학교,경상남도,함안군,26.1,58.5,58.6,57.5
660,초등학교,경상남도,함안군,97.9,435.9,228.5,96
661,초등학교,경상남도,함양군,84.8,107.9,73.8,77.8
662,초등학교,경상남도,합천군,38.8,49.8,39.5,42.1
663,초등학교,경상남도,합천군,21.2,47.5,62.3,31.2
664,초등학교,경상남도,합천군,64.6,148.5,137.2,120.3
665,초등학교,경상남도,합천군,27.4,55.8,46,41.6
666,초등학교,경상북도,경산시,29.7,32.8,44.7,26.6
667,초등학교,경상북도,경산시,46.2,94,93,50.1
668,초등학교,경상북도,경산시,33.1,145.3,228.1,108.7
669,초등학교,경상북도,경산시,69.3,58.8,114.3,32.3
670,초등학교,경상북도,경주시,104.6,370.2,427.8,122.8
671,초등학교,경상북도,경주시,37.4,45.3,57.8,28.3
672,초등학교,경상북도,경주시,46.7,58.9,56.4,31
673,초등학교,경상북도,경주시,19.9,,15.5,27.2
674,초등학교,경상북도,경주시,43.6,51.2,55.6,43.7
675,초등학교,경상북도,경주시,86.5,138.7,89.5,67
676,초등학교,경상북도,경주시,42.4,97.7,,
677,초등학교,경상북도,경주시,58.4,114.1,97.2,84.9
678,초등학교,경상북도,경주시,65,137.8,207.8,68.2
679,초등학교,경상북도,경주시,38,85.8,105.6,
680,초등학교,경상북도,고령군,20.9,56.2,61,32.1
681,초등학교,경상북도,고령군,75.4,124.8,128,92.8
682,초등학교,경상북도,구미시,32.7,36.5,30.7,30
683,초등학교,경상북도,구미시,32.8,74.7,128.5,60.7
684,초등학교,경상북도,군위군,43.1,82.5,78.4,40.8
685,초등학교,경상북도,군위군,,77.4,76.8,62.9
686,초등학교,경상북도,김천시,46.1,67,88.6,49.3
687,초등학교,경상북도,김천시,43.4,61.2,48.1,47.2
688,초등학교,경상북도,김천시,49.3,63.5,51.8,49.2
689,초등학교,경상북도,김천시,50.2,65.1,73.2,53.8
690,초등학교,경상북도,김천시,68.8,67.1,69.2,62.2
691,초등학교,경상북도,문경시,144.3,321,248.5,189.5
692,초등학교,경상북도,문경시,192.9,293.2,,241.7
693,초등학교,경상북도,문경시,67.9,113.7,89.7,72.6
694,초등학교,경상북도,문경시,,56.9,78,39.9
695,초등학교,경상북도,봉화군,53.3,75.6,49,55
696,초등학교,경상북도,봉화군,80.1,108.2,134.7,78.6
697,초등학교,경상북도,봉화군,24.5,46.6,60.8,38
698,초등학교,경상북도,봉화군,35.1,52.4,14.4,39.2
699,초등학교,경상북도,봉화군,126.9,158.4,138.9,108.8
700,초등학교,경상북도,봉화군,,502,739.7,352.7
701,초등학교,경상북도,상주시,39.2,82.5,79.1,60.4
702,초등학교,경상북도,상주시,62.3,121.1,104.9,88.6
703,초등학교,경상북도,상주시,,58.8,50.9,37.6
704,초등학교,경상북도,상주시,26.8,31.4,20.3,17
705,초등학교,경상북도,상주시,30.5,102.3,66.4,48.5
706,초등학교,경상북도,성주군,30.9,107.5,100.7,50.2
707,초등학교,경상북도,성주군,50.6,82.8,173.9,69.4
708,초등학교,경상북도,성주군,59.2,112,122.8,68.7
709,초등학교,경상북도,성주군,40.4,47.8,51.4,37.6
710,초등학교,경상북도,안동시,32.5,36.6,47.7,38.7
711,초등학교,경상북도,안동시,60.5,101.2,124.5,82
712,초등학교,경상북도,안동시,47.8,65,47.3,59.5
713,초등학교,경상북도,안동시,60,101.2,117,89
714,초등학교,경상북도,안동시,62.5,139.3,132.2,101.7
715,초등학교,경상북도,안동시,71.3,102.1,128.8,108.6
716,초등학교,경상북도,안동시,49.7,80.7,74.4,47.7
717,초등학교,경상북도,안동시,187.8,489.2,416.5,244.6
718,초등학교,경상북도,영덕군,28.8,68.8,44.4,50.3
719,초등학교,경상북도,영덕군,17.4,29.3,29.3,27.2
720,초등학교,경상북도,영덕군,33.2,52,35.2,32.5
721,초등학교,경상북도,영덕군,29.8,57.1,43.8,39.5
722,초등학교,경상북도,영양군,138.8,177.1,179.1,84.8
723,초등학교,경상북도,영양군,83.7,121.4,93.6,91.4
724,초등학교,경상북도,영주시,40.7,98.5,109.9,67.6
725,초등학교,경상북도,영주시,126.6,199,175.8,75.1
726,초등학교,경상북도,영주시,20.2,35.8,43.9,41.1
727,초등학교,경상북도,영주시,84.6,241.6,243.9,85.9
728,초등학교,경상북도,영주시,74.8,175.7,423.4,147.6
729,초등학교,경상북도,영천시,24.4,53.9,55,38
730,초등학교,경상북도,영천시,29.3,59.7,42.6,34.2
731,초등학교,경상북도,영천시,60.3,74.4,53.3,43.2
732,초등학교,경상북도,영천시,89.8,147.4,,100.9
733,초등학교,경상북도,영천시,48.3,52.4,65.7,46.3
734,초등학교,경상북도,예천군,68.2,77,61,52.7
735,초등학교,경상북도,예천군,65.8,103.7,184.1,52.6
736,초등학교,경상북도,예천군,97.1,137,169.5,91.8
737,초등학교,경상북도,울릉군,118.8,207.3,221.9,140.8
738,초등학교,경상북도,울진군,28.2,34.2,47.3,56.2
739,초등학교,경상북도,울진군,581.9,1213,1119.4,768
740,초등학교,경상북도,울진군,115.3,173.9,143.3,147.6
741,초등학교,경상북도,울진군,43.5,54.2,,
742,초등학교,경상북도,울진군,226.8,351.4,222.9,239.4
743,초등학교,경상북도,울진군,34.5,56.2,47.2,61.7
744,초등학교,경상북도,울진군,89.2,219.9,277.3,116
745,초등학교,경상북도,의성군,45.4,46.9,39.3,41.9
746,초등학교,경상북도,의성군,16.8,54.8,52.6,
747,초등학교,경상북도,의성군,97.1,113.2,62.6,97.9
748,초등학교,경상북도,의성군,43.4,58.9,65.1,48.3
749,초등학교,경상북도,의성군,79.3,133.9,109.6,88.5
750,초등학교,경상북도,청도군,,100.4,75.4,73.2
751,초등학교,경상북도,청송군,43,84,54.8,57.1
752,초등학교,경상북도,청송군,45.1,102.9,123.7,90.4
753,초등학교,경상북도,청송군,27.9,67.3,48.3,28.8
754,초등학교,경상북도,청송군,37.7,72.3,92.4,31.2
755,초등학교,경상북도,칠곡군,31.9,81.2,99.9,64.6
756,초등학교,경상북도,칠곡군,33.2,54,60.1,48
757,초등학교,경상북도,칠곡군,55.6,109.9,76.1,66.4
758,초등학교,경상북도,칠곡군,36.2,83,114.4,62.8
759,초등학교,경상북도,칠곡군,41.8,69.9,100.2,50.9
760,초등학교,경상북도,칠곡군,48.8,117.3,126,62.8
761,초등학교,경상북도,포항시,161.3,526.6,988.3,459
762,초등학교,경상북도,포항시,37.9,45.5,36.2,21.2
763,초등학교,경상북도,포항시,42.5,48.8,85.1,46.8
764,초등학교,경상북도,포항시,66.8,42.7,38.6,43.3
765,초등학교,경상북도,포항시,,,336.6,134.9
766,초등학교,경상북도,포항시,99.6,83.8,70.4,64.7
767,초등학교,경상북도,포항시,57,84.1,72.3,53
768,초등학교,경상북도,포항시,44,56.6,45.9,24.5
769,초등학교,경상북도,포항시,47.2,131.2,161.3,51.1
770,초등학교,광주광역시,광산구,36.2,87.9,96.1,63.2
771,초등학교,광주광역시,광산구,17,34.1,23.7,26.6
772,초등학교,광주광역시,북구,78,189.1,169.9,92.5
773,초등학교,광주광역시,북구,88.3,153.7,136.2,111.4
774,초등학교,광주광역시,서구,20.4,2.7,111.8,46.4
775,초등학교,대구광역시,달성군,41.4,99.9,164.9,73.1
776,초등학교,대구광역시,달성군,21.4,37.5,31.4,29.9
777,초등학교,대구광역시,달성군,90.3,146.5,118.5,107.5
778,초등학교,대구광역시,달성군,52.6,215.3,192.9,89.8
779,초등학교,대구광역시,달성군,96.3,196.6,160.3,143.1
780,초등학교,대구광역시,동구,14.3,85.7,50.4,25.9
781,초등학교,대구광역시,동구,127.7,253.1,272.4,178.8
782,초등학교,대구광역시,동구,22.7,40.1,36.9,25.7
783,초등학교,대구광역시,북구,24.8,42.4,46.5,31.4
784,초등학교,대구광역시,수성구,69.3,149.7,188.9,74.8
785,초등학교,대전광역시,동구,11.3,25.4,29.4,60.1
786,초등학교,대전광역시,서구,42.4,6.3,98.6,84.3
787,초등학교,대전광역시,서구,44.5,80.5,115.9,100.6
788,초등학교,대전광역시,유성구,27.3,53.9,78.8,40.7
789,초등학교,대전광역시,유성구,35.3,67.6,85.7,51.8
790,초등학교,부산광역시,강서구,17.1,26.1,43.8,27.5
791,초등학교,부산광역시,강서구,,35.3,48.2,41.1
792,초등학교,부산광역시,강서구,18.5,38.1,24.4,29.7
793,초등학교,부산광역시,금정구,14.5,35.2,40.5,31
794,초등학교,부산광역시,기장군,34.3,58,57.1,36
795,초등학교,부산광역시,기장군,45.4,99.7,110,92.3
796,초등학교,부산광역시,기장군,10.7,18.7,15.7,21.4
797,초등학교,부산광역시,부산진구,10.4,19.1,42.2,24.7
798,초등학교,부산광역시,부산진구,,32.2,52.6,28.8
799,초등학교,부산광역시,부산진구,19.8,28.2,52.6,33.8
800,초등학교,부산광역시,북구,,21.5,20.2,20.7
801,초등학교,부산광역시,사상구,14.4,20,32.8,40.2
802,초등학교,부산광역시,사상구,18.5,17.4,31.3,28.1
803,초등학교,부산광역시,사하구,53.1,58.1,66.2,68.2
804,초등학교,부산광역시,서구,9.4,19.3,18.6,
805,초등학교,부산광역시,서구,26.6,33.5,22.4,39.3
806,초등학교,부산광역시,영도구,10.9,20.1,24.3,
807,초등학교,부산광역시,해운대구,13.9,24.1,30.2,30.2
808,초등학교,서울특별시,강남구,12.1,16.2,16.4,23
809,초등학교,서울특별시,강동구,15.1,26.8,15.3,26.5
810,초등학교,서울특별시,강서구,29,40.2,46,25.3
811,초등학교,서울특별시,관악구,44.9,42,36.4,43.7
812,초등학교,서울특별시,도봉구,38.6,38.3,,27.5
813,초등학교,서울특별시,동작구,18.2,30,31.8,36
814,초등학교,서울특별시,마포구,34.8,30.8,19.5,41.1
815,초등학교,서울특별시,서초구,58.1,59.2,48.1,46.1
816,초등학교,서울특별시,서초구,42.2,57.2,66.8,40.4
817,초등학교,서울특별시,성북구,23.1,51.1,48.8,41
818,초등학교,서울특별시,송파구,61.3,113.8,118.3,68.3
819,초등학교,서울특별시,영등포구,20,38.6,42.4,30.2
820,초등학교,서울특별시,은평구,,44.4,42.8,32.4
821,초등학교,서울특별시,은평구,42.9,89.6,116.7,52.2
822,초등학교,울산광역시,남구,9.9,18.2,12.2,22.9
823,초등학교,울산광역시,남구,12.4,70.9,119,78.3
824,초등학교,울산광역시,남구,18.7,37.1,35.4,
825,초등학교,울산광역시,북구,61,,58.9,43.6
826,초등학교,울산광역시,울주군,56.2,253,197.9,105.7
827,초등학교,울산광역시,울주군,112.8,266.2,203.5,150.7
828,초등학교,울산광역시,울주군,42.9,50.7,48.3,53.8
829,초등학교,울산광역시,울주군,81.3,513.6,369.6,115
830,초등학교,울산광역시,울주군,46.8,51,47.1,63
831,초등학교,인천광역시,강화군,41.5,106.8,132.2,79.8
832,초등학교,인천광역시,강화군,14.4,23.7,28.5,20.4
833,초등학교,인천광역시,강화군,33.1,44.7,45.4,
834,초등학교,인천광역시,계양구,14,25.4,31.8,18.9
835,초등학교,인천광역시,동구,15.8,18.4,20.3,20.7
836,초등학교,인천광역시,부평구,29.5,,22,30.6
837,초등학교,인천광역시,서구,24.3,66.5,88.9,77.7
838,초등학교,인천광역시,서구,12.6,26.7,,26.8
839,초등학교,인천광역시,옹진군,8.9,46.6,49.7,39.9
840,초등학교,전라남도,강진군,24.2,56.1,30.9,27.4
841,초등학교,전라남도,강진군,82.3,209.6,,150.7
842,초등학교,전라남도,강진군,44.4,57.2,74.3,44
843,초등학교,전라남도,강진군,35.8,68.5,49.9,38.6
844,초등학교,전라남도,고흥군,49.2,142.4,181.8,71.6
845,초등학교,전라남도,고흥군,53.9,340.9,610.4,29.5
846,초등학교,전라남도,고흥군,39.8,75,112,62.7
847,초등학교,전라남도,고흥군,39.5,84.7,81.5,52.9
848,초등학교,전라남도,곡성군,64.8,202.4,291.8,128.6
849,초등학교,전라남도,곡성군,125.9,169,59.3,118.1
850,초등학교,전라남도,광양시,132.8,316.9,264.9,86
851,초등학교,전라남도,광양시,44.4,198.9,190.7,61.8
852,초등학교,전라남도,나주시,46.2,105,157,66
853,초등학교,전라남도,나주시,70.2,186.7,267.9,139.5
854,초등학교,전라남도,나주시,59.5,197,200,105.8
855,초등학교,전라남도,나주시,50.7,125.6,,53.2
856,초등학교,전라남도,나주시,21.8,98.3,123.6,65.4
857,초등학교,전라남도,나주시,93.5,284.5,254.9,164
858,초등학교,전라남도,나주시,77.4,141,124.2,98
859,초등학교,전라남도,담양군,43.1,141,274.2,76.2
860,초등학교,전라남도,담양군,19.2,51.4,300.2,153.7
861,초등학교,전라남도,담양군,5.9,169.8,300.3,102.9
862,초등학교,전라남도,목포시,41.4,71.5,67.5,67.2
863,초등학교,전라남도,무안군,118.1,252.1,,184.7
864,초등학교,전라남도,무안군,45.2,85,95.4,64.6
865,초등학교,전라남도,무안군,30.3,23.8,25.2,29.2
866,초등학교,전라남도,무안군,17.9,71.6,134.4,72.5
867,초등학교,전라남도,무안군,,56.5,45.3,37.9
868,초등학교,전라남도,무안군,46.1,91.3,116.8,72.6
869,초등학교,전라남도,무안군,92.9,94.3,91.8,48.5
870,초등학교,전라남도,보성군,103.9,177.9,266,116
871,초등학교,전라남도,보성군,,4.3,179.8,103
872,초등학교,전라남도,보성군,169.3,280.4,208.4,164.5
873,초등학교,전라남도,보성군,38,58.9,46.6,38.7
874,초등학교,전라남도,보성군,65.6,271.6,332.2,118.9
875,초등학교,전라남도,순천시,72,323,363.7,175.2
876,초등학교,전라남도,순천시,31.5,38.6,30.5,38.7
877,초등학교,전라남도,순천시,39.7,88.5,103.6,72
878,초등학교,전라남도,순천시,46,153,133.4,111.7
879,초등학교,전라남도,순천시,99.2,251,142.3,85.3
880,초등학교,전라남도,순천시,77.8,128,71.9,62.3
881,초등학교,전라남도,신안군,9.6,41.9,37.1,38.3
882,초등학교,전라남도,신안군,41.4,97.6,87.1,97.7
883,초등학교,전라남도,신안군,25.3,74,132.3,49.6
884,초등학교,전라남도,신안군,167.2,121.9,196.8,80.9
885,초등학교,전라남도,신안군,13.5,48.4,,
886,초등학교,전라남도,여수시,51.6,84.5,89.6,50.2
887,초등학교,전라남도,여수시,,155,122.7,66.5
888,초등학교,전라남도,여수시,43.1,89.2,53.8,61.2
889,초등학교,전라남도,여수시,32,43,45.9,42.7
890,초등학교,전라남도,여수시,30.5,48.2,45.7,37.4
891,초등학교,전라남도,여수시,38.5,51,59.6,40.4
892,초등학교,전라남도,영광군,47.6,70.3,66.4,47.1
893,초등학교,전라남도,영광군,25.4,49.5,58.2,55.6
894,초등학교,전라남도,영광군,82.2,149.6,152.7,123.7
895,초등학교,전라남도,영광군,52.5,281.1,477.7,115.6
896,초등학교,전라남도,영암군,122.9,326,380.2,239
897,초등학교,전라남도,영암군,172.1,247.9,441.7,284.7
898,초등학교,전라남도,영암군,37.9,81.9,114.9,54.6
899,초등학교,전라남도,영암군,52.4,94.1,36.4,75
900,초등학교,전라남도,완도군,28.9,37.3,38.9,37.5
901,초등학교,전라남도,장성군,52.7,102,,
902,초등학교,전라남도,장성군,45,140.5,151.2,110.9
903,초등학교,전라남도,장성군,53.6,136.2,193.9,103
904,초등학교,전라남도,장흥군,29.9,75.7,64.5,40.7
905,초등학교,전라남도,장흥군,26.8,75.4,45.8,47.2
906,초등학교,전라남도,장흥군,61.9,230.5,456.6,105.3
907,초등학교,전라남도,장흥군,30.7,81.1,34.2,35.3
908,초등학교,전라남도,장흥군,56.1,159.4,222,60.9
909,초등학교,전라남도,진도군,71.8,205.3,170.6,124
910,초등학교,전라남도,진도군,56.3,54.3,50.8,68.7
911,초등학교,전라남도,진도군,66.9,91.1,76.8,72
912,초등학교,전라남도,진도군,,41.6,53.5,40.7
913,초등학교,전라남도,함평군,29.7,34.2,30.1,32.2
914,초등학교,전라남도,함평군,38.9,109.9,108.4,61.2
915,초등학교,전라남도,함평군,31.9,57.2,77.3,45.2
916,초등학교,전라남도,해남군,34.1,136,94.8,70.9
917,초등학교,전라남도,해남군,26.4,97.6,94.7,55.7
918,초등학교,전라남도,해남군,30.9,114.8,163.9,54.4
919,초등학교,전라남도,해남군,49.9,75.2,66.3,57.3
920,초등학교,전라남도,해남군,27.6,41.8,43.9,35.6
921,초등학교,전라남도,해남군,107.4,153.8,112,97.3
922,초등학교,전라남도,화순군,55,127,319,92.4
923,초등학교,전라남도,화순군,33.4,146.1,175,54.8
924,초등학교,전라남도,화순군,175.4,309.8,422.6,204.4
925,초등학교,전라남도,화순군,92.2,194.5,182.8,91.9
926,초등학교,전라남도,화순군,53.8,88.2,69.6,63.3
927,초등학교,전라남도,화순군,32.1,71.4,47.4,37.9
928,초등학교,전라북도,고창군,36.7,67.7,125.7,38.4
929,초등학교,전라북도,고창군,61,74.6,62.8,63.1
930,초등학교,전라북도,고창군,36.9,80.2,68.3,50.1
931,초등학교,전라북도,군산시,25.8,56.7,75.8,59.7
932,초등학교,전라북도,군산시,83,130,103.7,121.6
933,초등학교,전라북도,김제시,,90.7,44.1,94
934,초등학교,전라북도,김제시,56.9,79.9,45.9,22.3
935,초등학교,전라북도,김제시,64.5,91.9,,88.8
936,초등학교,전라북도,김제시,40.1,94.7,111.4,50.1
937,초등학교,전라북도,김제시,77.7,140.8,105.7,81.4
938,초등학교,전라북도,남원시,50.7,56.2,123.7,54.8
939,초등학교,전라북도,남원시,39,232.4,333.6,106.2
940,초등학교,전라북도,남원시,47.3,97.3,74.5,74.6
941,초등학교,전라북도,남원시,19.8,52,48.9,43.3
942,초등학교,전라북도,무주군,71.7,134.5,224.2,111.6
943,초등학교,전라북도,무주군,53.6,130.4,160.1,106.2
944,초등학교,전라북도,무주군,222.7,421.4,339.8,265
945,초등학교,전라북도,부안군,28.7,58.5,,63.7
946,초등학교,전라북도,부안군,27.1,42.6,74.1,35.2
947,초등학교,전라북도,부안군,23.8,92.6,115,10.4
948,초등학교,전라북도,순창군,40.9,59,51.1,39.8
949,초등학교,전라북도,순창군,44.1,210.8,290.4,133.4
950,초등학교,전라북도,완주군,67.3,49.8,47.9,49.9
951,초등학교,전라북도,완주군,31,16.8,45.8,41.8
952,초등학교,전라북도,완주군,58.9,81.1,163.2,92.9
953,초등학교,전라북도,완주군,63.7,200.9,183.8,100.3
954,초등학교,전라북도,완주군,78.2,181.9,96.1,75.6
955,초등학교,전라북도,익산시,29.6,49.3,56.6,59.3
956,초등학교,전라북도,익산시,39.9,139.6,170.4,78.7
957,초등학교,전라북도,임실군,51,143,,106
958,초등학교,전라북도,장수군,48.2,82.6,61.1,56.3
959,초등학교,전라북도,장수군,28.1,44.1,58,46.9
960,초등학교,전라북도,장수군,52.6,241.8,278.1,112.3
961,초등학교,전라북도,장수군,40.7,62.1,86.7,56.9
962,초등학교,전라북도,장수군,78.1,97,134.4,115.5
963,초등학교,전라북도,전주시,43.5,3.7,82,47.5
964,초등학교,전라북도,전주시,23,25.8,37.1,
965,초등학교,전라북도,전주시,102.6,176.8,208.8,121.5
966,초등학교,전라북도,정읍시,12.3,26.1,28.5,23.3
967,초등학교,전라북도,정읍시,30.5,55.4,45.1,39.5
968,초등학교,전라북도,정읍시,23.3,45.5,59.6,35.6
969,초등학교,전라북도,진안군,131.4,232.6,406,169.7
970,초등학교,전라북도,진안군,107.7,196.1,,
971,초등학교,전라북도,진안군,26,47.6,51.4,31.6
972,초등학교,제주도,남제주군,43.4,45.3,,
973,초등학교,제주도,남제주군,59,92.7,,82.3
974,초등학교,제주도,남제주군,137.3,212.3,199,120
975,초등학교,제주도,남제주군,47.8,70.8,138.9,57.9
976,초등학교,제주도,남제주군,71.8,77.3,34.3,50.1
977,초등학교,제주도,북제주군,31.6,76.6,118.4,60.4
978,초등학교,제주도,북제주군,14.9,16.8,2.3,27.2
979,초등학교,제주도,북제주군,10.3,18.9,22.3,23.3
980,초등학교,제주도,북제주군,28.5,31.7,36.1,24.2
981,초등학교,제주도,북제주군,28.6,71.8,166.4,84.6
982,초등학교,제주도,북제주군,13.2,26.6,33.2,19.1
983,초등학교,제주도,서귀포시,41.1,112.2,33.2,81.2
984,초등학교,제주도,서귀포시,53.4,138.6,215.9,95.3
985,초등학교,제주도,서귀포시,21.2,24.1,16.4,30.9
986,초등학교,제주도,서귀포시,43.8,74,99.8,61.3
987,초등학교,제주도,서귀포시,21.6,30.5,33.5,30.4
988,초등학교,제주도,서귀포시,217,287.1,318.6,297
989,초등학교,제주도,제주시,17.4,42.2,36.4,27.3
990,초등학교,제주도,제주시,15.8,31.4,22.6,35.8
991,초등학교,제주도,제주시,43.3,47.8,40.8,45
992,초등학교,제주도,제주시,43.5,0.4,67.7,60
993,초등학교,충청남도,계룡시,27.1,40.4,31.1,40.3
994,초등학교,충청남도,계룡시,56.5,66.5,69.5,57
995,초등학교,충청남도,공주시,25.8,81.3,126.4,85.9
996,초등학교,충청남도,공주시,18.9,90.8,114.5,56.6
997,초등학교,충청남도,공주시,43.7,49.9,68.4,51.5
998,초등학교,충청남도,공주시,126.8,228.4,304.3,
999,초등학교,충청남도,금산군,37.1,94.1,149.7,79.8
1000,초등학교,충청남도,금산군,37.6,95.8,185.9,67.3
1001,초등학교,충청남도,금산군,31.7,85.5,137.1,87.7
1002,초등학교,충청남도,논산시,24.7,68.6,117.3,88.2
1003,초등학교,충청남도,논산시,19.9,36.7,49.6,33.4
1004,초등학교,충청남도,논산시,21,81.6,113,59.4
1005,초등학교,충청남도,논산시,28.1,39.6,34.7,29.9
1006,초등학교,충청남도,당진군,56.7,179.3,113.7,89.9
1007,초등학교,충청남도,당진군,91,178.9,192.3,98.5
1008,초등학교,충청남도,당진군,39.3,59.5,67.2,51.3
1009,초등학교,충청남도,당진군,51.5,55.3,111.6,58.5
1010,초등학교,충청남도,당진군,31.9,62.9,76.5,42.7
1011,초등학교,충청남도,보령시,18.6,27.7,59.1,39.5
1012,초등학교,충청남도,보령시,37.4,35.1,42,36.5
1013,초등학교,충청남도,보령시,63.6,152.2,164.3,134.5
1014,초등학교,충청남도,보령시,37.4,56.2,70.5,36.4
1015,초등학교,충청남도,보령시,32.6,56.1,58.3,40.5
1016,초등학교,충청남도,부여군,39,34,57.6,54.1
1017,초등학교,충청남도,부여군,20.3,76.2,57,51.5
1018,초등학교,충청남도,부여군,43.1,125.9,131.7,87.9
1019,초등학교,충청남도,부여군,82.1,167.9,238.3,223.3
1020,초등학교,충청남도,서산시,18.3,57.3,71.1,52.7
1021,초등학교,충청남도,서산시,,64.4,,55.4
1022,초등학교,충청남도,서산시,49.1,80.5,78.9,76.9
1023,초등학교,충청남도,서산시,47.1,81.6,80.8,59.5
1024,초등학교,충청남도,서산시,39.3,63.8,61.2,65
1025,초등학교,충청남도,서천군,52.2,113.9,153.1,98.9
1026,초등학교,충청남도,아산시,19.6,31.3,35.8,26.2
1027,초등학교,충청남도,아산시,54.7,91.6,97.3,80.1
1028,초등학교,충청남도,아산시,,,,
1029,초등학교,충청남도,연기군,53.2,61,69.4,55.8
1030,초등학교,충청남도,연기군,29.8,58.2,54.8,60.5
1031,초등학교,충청남도,연기군,43.6,41.1,36.3,53.7
1032,초등학교,충청남도,연기군,42.2,59.4,70.5,54.8
1033,초등학교,충청남도,예산군,72.9,153.9,206.6,117
1034,초등학교,충청남도,예산군,,,,
1035,초등학교,충청남도,예산군,79.2,115.2,103.9,116.9
1036,초등학교,충청남도,천안시,20.9,33.9,51.5,32.8
1037,초등학교,충청남도,천안시,26.5,35.8,27.8,23.1
1038,초등학교,충청남도,천안시,42.8,50.9,69.2,55.1
1039,초등학교,충청남도,청양군,44.5,96.8,176.1,59.5
1040,초등학교,충청남도,청양군,43.3,69,53.6,67.8
1041,초등학교,충청남도,청양군,36.4,50.7,83.2,67.6
1042,초등학교,충청남도,태안군,35.2,73.1,130.8,88.5
1043,초등학교,충청남도,태안군,,30.1,29.8,33.3
1044,초등학교,충청남도,태안군,50.6,,105.2,89.9
1045,초등학교,충청남도,태안군,155.1,290,372.6,234.3
1046,초등학교,충청남도,태안군,33.9,44.8,56.5,50.8
1047,초등학교,충청남도,태안군,42.4,98.4,124.7,58.7
1048,초등학교,충청남도,태안군,34,62.7,94.2,48.3
1049,초등학교,충청남도,홍성군,133.3,270,390.1,62.9
1050,초등학교,충청남도,홍성군,33.3,40.5,47.1,30.6
1051,초등학교,충청남도,홍성군,55.1,64.3,55.5,68.9
1052,초등학교,충청남도,홍성군,47.9,81.4,79.6,77.2
1053,초등학교,충청북도,괴산군,468,1144.8,1188.2,432.5
1054,초등학교,충청북도,단양군,38.4,575.4,773.9,305
1055,초등학교,충청북도,단양군,63.6,200.8,234.9,116.9
1056,초등학교,충청북도,단양군,93.8,196.4,361,168.7
1057,초등학교,충청북도,단양군,119.1,313.4,291.5,206.4
1058,초등학교,충청북도,보은군,104.6,149.2,130.2,100.9
1059,초등학교,충청북도,보은군,55,81.7,87.3,73.6
1060,초등학교,충청북도,보은군,40.5,38.6,58.4,46.9
1061,초등학교,충청북도,보은군,,52,57.4,51.8
1062,초등학교,충청북도,보은군,37.1,133.6,157.2,39
1063,초등학교,충청북도,보은군,64.8,117.5,133.2,72.9
1064,초등학교,충청북도,영동군,26.4,38,45.7,26.1
1065,초등학교,충청북도,영동군,39,83.6,102.6,84.8
1066,초등학교,충청북도,영동군,1.5,67.7,104.7,41.5
1067,초등학교,충청북도,영동군,20.8,36.3,68.6,36.6
1068,초등학교,충청북도,영동군,64.2,84.5,252.1,109.7
1069,초등학교,충청북도,영동군,21.5,27.2,29.2,39
1070,초등학교,충청북도,옥천군,153.5,252,255.7,161.8
1071,초등학교,충청북도,음성군,63.8,107.7,117.6,74.1
1072,초등학교,충청북도,음성군,19.6,43,145.7,70
1073,초등학교,충청북도,음성군,56.7,113.9,132.6,86.2
1074,초등학교,충청북도,제천시,93.5,131.1,158.6,102.4
1075,초등학교,충청북도,제천시,66.6,110.1,142.7,77
1076,초등학교,충청북도,제천시,63.7,113.6,100.8,99.7
1077,초등학교,충청북도,제천시,85.7,121.6,121.2,110.1
1078,초등학교,충청북도,제천시,50.5,81.3,148.3,78
1079,초등학교,충청북도,제천시,47.9,101.8,105.7,74.4
1080,초등학교,충청북도,증평군,22.2,107.1,100.7,42.3
1081,초등학교,충청북도,진천군,60.4,104,77.2,83
1082,초등학교,충청북도,진천군,19.7,42.5,69.4,33.9
1083,초등학교,충청북도,진천군,86.6,174.4,177.3,120.6
1084,초등학교,충청북도,진천군,45.1,60.7,68.1,61.3
1085,초등학교,충청북도,진천군,,80.9,106,41.9
1086,초등학교,충청북도,진천군,55.9,149.3,,94.4
1087,초등학교,충청북도,청원군,128.5,158.2,174.9,138.8
1088,초등학교,충청북도,청원군,77.8,157.3,119.1,97.8
1089,초등학교,충청북도,청원군,85.3,129.3,113.9,95.9
1090,초등학교,충청북도,청원군,18.6,42.2,40.5,31.1
1091,초등학교,충청북도,청원군,98.3,137.1,209.4,56.3
1092,초등학교,충청북도,청주시,8.8,23.7,35.1,31.2
1093,초등학교,충청북도,청주시,43.1,52.6,76.6,70
1094,초등학교,충청북도,충주시,57.5,127.7,124.7,138.8
1095,초등학교,충청북도,충주시,59,67.9,80.4,64.9
1096,초등학교,충청북도,충주시,77.4,122,194.1,71.8
1097,초등학교,충청북도,충주시,44,72.9,64,54.2
1098,초등학교,충청북도,충주시,220.1,374.5,449.4,338.4
1099,초등학교,충청북도,충주시,212.1,1353.8,1456.3,456.8
1100,초등학교,충청북도,충주시,20.6,36.8,31.9,18.6
